Location ID,Easting,Northing,Ground Level,Final Depth
gg123-cc4,294738.4,168363.61,72.57,79.57
gg123-cc5,294737.13,168403.51,72.41,79.41
gg123-cc6,294674.74,168431.13,72.4,79.4
gg123-cc7,294821.9,168378.23,72.9,79.9
gg123-cc8,294882.38,168337.1,74.11,81.11
gg123-cc9,294882.38,168336.82,74.13,81.13
gg123-cc10,294731.15,168444.04,72.9,79.9
gg123-cc11,294806.82,168422.75,72.55,79.55
gg123-cc12,294769.91,168429.7,72.11,79.11
gg123-cc13,294674.75,168431.1,72.38,79.38
gg123-cc14,294661.74,168395.94,72.44,79.44
gg123-cc15,294675.01,168409.99,72.24,79.24
gg123-cc16,294666.04,168396.05,72.28,79.28
gg123-cc17,294671.4,168422.4,72.47,79.47
gg123-cc18,294496.36,168500.29,78.46,85.46
gg123-cc19,294255.7,168614.14,87.62,94.62
gg123-cc20,294512.31,168514.67,78.61,85.61
gg123-cc21,294633.16,168479.46,74.05,81.05
gg123-cc22,291856.14,168200.74,67.48,74.48
gg123-cc23,291912.8,168217.59,67.72,74.72
gg123-cc24,291912.35,168218.76,67.73,74.73
gg123-cc25,291989.34,168235.31,67.81,74.81
gg123-cc26,292044.04,168253.94,67.64,74.64
gg123-cc27,292042.84,168257.96,67.64,74.64
gg123-cc28,292040.65,168253.26,67.69,74.69
gg123-cc29,292047.68,168251.31,67.7,74.7
gg123-cc30,292099.23,168271.46,67.3,74.3
gg123-cc31,292107.33,168270.81,67.26,74.26
gg123-cc32,291819.11,168193.61,67.4,74.4
gg123-cc33,291839.38,168132.52,67.91,74.91
gg123-cc34,291920.14,168187.36,67.95,74.95
gg123-cc35,292064.96,168230.67,67.45,74.45
gg123-cc36,292156.55,168235.99,67.18,74.18
gg123-cc37,291951.62,168149.84,67.83,74.83
gg123-cc38,291941.1,168168.09,67.74,74.74
gg123-cc39,291940.85,168168.37,68.12,75.12
gg123-cc40,292147.28,168283.93,67.06,74.06
gg123-cc41,292031.89,168171.84,67.84,74.84
gg123-cc42,291952.05,168182.05,68.11,75.11
gg123-cc43,291952.17,168181.61,67.59,74.59
gg123-cc44,292010.22,168196.74,67.69,74.69
gg123-cc45,-122222,-122222,-15,-8
gg123-cc46,291992.47,168159.41,67.84,74.84
gg123-cc47,291989.55,168160.41,67.84,74.84
gg123-cc48,292024.93,168199.39,67.7,74.7
gg123-cc49,292002.94,168166.57,67.98,74.98
gg123-cc50,291980.9,167953.37,-15,-8
gg123-cc51,291993.63,168166.46,67.44,74.44
gg123-cc52,292545.02,168299.56,-15,-8
gg123-cc53,291700.23,168233.53,-15,-8
gg123-cc54,292028.06,167966.48,-15,-8
gg123-cc55,291627.48,168052.84,68.03,75.03
gg123-cc56,291615.06,168052.18,67.86,74.86
gg123-cc57,-122222,-122222,-15,-8
gg123-cc58,290157.12,167640.36,68.65,75.65
gg123-cc59,290162.07,167641.42,68.7,75.7
gg123-cc60,290165.07,167642.35,68.66,75.66
gg123-cc61,290168.2,167643.38,68.64,75.64
gg123-cc62,288904.32,167271.37,74.44,81.44
gg123-cc63,289204.21,167371.83,73.87,80.87
gg123-cc64,289205.29,167372.13,73.9,80.9
gg123-cc65,288970.67,167286.01,75.41,82.41
gg123-cc66,289086.04,167311.03,74.62,81.62
gg123-cc67,289264.82,167250.98,74.24,81.24
gg123-cc68,289113,167317,74.71,81.71
gg123-cc69,289083.04,167320.97,74.25,81.25
gg123-cc70,289151.46,167325.44,74.61,81.61
gg123-cc71,289128.99,167348.02,73.33,80.33
gg123-cc72,289128.99,167332.98,74.79,81.79
gg123-cc73,289133.84,167318.94,74.79,81.79
gg123-cc74,289188.57,167351.03,74.22,81.22
gg123-cc75,289115.16,167327.12,74.77,81.77
gg123-cc76,289100.24,167337.2,74.77,81.77
gg123-cc77,289094.47,167322.85,74.82,81.82
gg123-cc78,289043.98,167349.94,74.7,81.7
gg123-cc79,289044.93,167349.88,74.7,81.7
gg123-cc80,289046,167350.12,74.68,81.68
gg123-cc81,289056.69,167351.51,74.71,81.71
gg123-cc82,289058.78,167352.49,74.7,81.7
gg123-cc83,289086.38,167330.49,74.72,81.72
gg123-cc84,289071.44,167328.2,74.78,81.78
gg123-cc85,289026.79,167071.05,74.43,81.43
gg123-cc86,289225,167412,-15,-8
gg123-cc87,289088.99,167322.55,74.11,81.11
gg123-cc88,289260.45,167289.73,67.51,74.51
gg123-cc89,287873.4,166924.02,77.04,84.04
gg123-cc90,288418.04,167238.31,74.46,81.46
gg123-cc91,288416.07,167238.32,74.53,81.53
gg123-cc92,288415.81,167236.24,74.55,81.55
gg123-cc93,288547.92,167174.43,74.55,81.55
gg123-cc94,287873.59,166924.11,76.96,83.96
gg123-cc95,287966.85,166991.24,77.12,84.12
gg123-cc96,288007.73,166937.68,76.39,83.39
gg123-cc97,287608.03,166719,78.47,85.47
gg123-cc98,287608,166719,78.19,85.19
gg123-cc99,287572.03,166704.09,78.87,85.87
gg123-cc100,287595.6,166685.72,78.17,85.17
gg123-cc101,287573.53,166688.36,78.62,85.62
gg123-cc102,287589.91,166732.96,78.08,85.08
gg123-cc103,287589,166732,78,85
gg123-cc104,287455.47,166718.38,78.12,85.12
gg123-cc105,287678.98,166819.05,78.61,85.61
gg123-cc106,287320.14,166458.74,77.77,84.77
gg123-cc107,287376.43,166561.07,78.91,85.91
gg123-cc108,287553.21,166693.44,78.4,85.4
gg123-cc109,287605.37,166777.7,77.46,84.46
gg123-cc110,-122222,-122222,-15,-8
gg123-cc111,-122222,-122222,-15,-8
gg123-cc112,287466.21,166726.25,78.12,85.12
gg123-cc113,287646.38,166795.35,77.7,84.7
gg123-cc114,287646.4,166795.34,78.58,85.58
gg123-cc115,287237.79,166354.14,78.42,85.42
gg123-cc116,287784.47,166873.03,77.06,84.06
gg123-cc117,287596.92,166684.51,78.45,85.45
gg123-cc118,287577,166690.29,78.38,85.38
gg123-cc119,287560.63,166692.51,77.45,84.45
gg123-cc120,287576.97,166681.93,78.21,85.21
gg123-cc121,287453.2,166725.22,78.3,85.3
gg123-cc122,287453.22,166725.23,78.38,85.38
gg123-cc123,287430.99,166719.99,77.55,84.55
gg123-cc124,287442.7,166710.95,78.25,85.25
gg123-cc125,287412.13,166712.06,77.97,84.97
gg123-cc126,287411.97,166712.03,78.48,85.48
gg123-cc127,287400.31,166702.62,77.86,84.86
gg123-cc128,287401,166702.02,78.3,85.3
gg123-cc129,-122222,-122222,-15,-8
gg123-cc130,287760.63,166863.31,76.71,83.71
gg123-cc131,287414.02,166714.03,78.48,85.48
gg123-cc132,287433.34,166727.12,78.55,85.55
gg123-cc133,287434.44,166725.98,78.62,85.62
gg123-cc134,-122222,-122222,-15,-8
gg123-cc135,287617.28,166791.26,77.53,84.53
gg123-cc136,287618.1,166790.13,77.51,84.51
gg123-cc137,287537.58,166675.28,78.68,85.68
gg123-cc138,287504.46,166672.46,78.38,85.38
gg123-cc139,287505.7,166670.91,78.4,85.4
gg123-cc140,287123.96,166081.47,79.54,86.54
gg123-cc141,287095.66,166054.87,80.64,87.64
gg123-cc142,287126,166057.01,80.49,87.49
gg123-cc143,287127.63,166045.49,80.46,87.46
gg123-cc144,287112.55,166099.77,79.46,86.46
gg123-cc145,287077,165969.99,80.53,87.53
gg123-cc146,287076.97,165972.95,80.56,87.56
gg123-cc147,287079.53,165972.67,80.48,87.48
gg123-cc148,287019.92,165461.93,83.38,90.38
gg123-cc149,287002.48,165497.69,83.31,90.31
gg123-cc150,287003.06,165501.67,83.36,90.36
gg123-cc151,287006.07,165500.13,83.32,90.32
gg123-cc152,287268.91,165990.42,80.61,87.61
gg123-cc153,287270.26,165990.86,80.57,87.57
gg123-cc154,286912.52,165499.52,83.19,90.19
gg123-cc155,286935.01,165516.61,83.16,90.16
gg123-cc156,-122222,-122222,80.4,87.4
gg123-cc157,-122222,-122222,-15,-8
gg123-cc158,287130.15,165891.02,80.59,87.59
gg123-cc159,287147.13,165883.69,80.62,87.62
gg123-cc160,287147.13,165883.69,80.62,87.62
gg123-cc161,287135.13,165924.33,80.55,87.55
gg123-cc162,287135.13,165924.33,80.55,87.55
gg123-cc163,287386.97,166678.78,78.62,85.62
gg123-cc164,-122222,-122222,-15,-8
gg123-cc165,287157.09,165942.48,80.56,87.56
gg123-cc166,287157.09,165942.48,80.56,87.56
gg123-cc167,287155.46,165922.52,80.4,87.4
gg123-cc168,-122222,-122222,-15,-8
gg123-cc169,287167.45,165901.42,80.71,87.71
gg123-cc170,-122222,-122222,-15,-8
gg123-cc171,-122222,-122222,-15,-8
gg123-cc172,-122222,-122222,-15,-8
gg123-cc173,287090.83,165858.85,80.96,87.96
gg123-cc174,-122222,-122222,-15,-8
gg123-cc175,-122222,-122222,-15,-8
gg123-cc176,-122222,-122222,-15,-8
gg123-cc177,287090.23,166047.29,80.81,87.81
gg123-cc178,-122222,-122222,-15,-8
gg123-cc179,-122222,-122222,-15,-8
gg123-cc180,-122222,-122222,-15,-8
gg123-cc181,-122222,-122222,-15,-8
gg123-cc182,-122222,-122222,-15,-8
gg123-cc183,-122222,-122222,-15,-8
gg123-cc184,287153.87,165950.68,80.52,87.52
gg123-cc185,-122222,-122222,-15,-8
gg123-cc186,286930.24,165460.29,83.26,90.26
gg123-cc187,286949.21,165504.7,83.27,90.27
gg123-cc188,287095.67,166054.87,80.71,87.71
gg123-cc189,287041.68,165548.19,81.22,88.22
gg123-cc190,287024.02,165540.01,81.07,88.07
gg123-cc191,287031.77,165556.83,81.47,88.47
gg123-cc192,287041.34,165607.9,81.45,88.45
gg123-cc193,287055.97,165672.08,80.73,87.73
gg123-cc194,287065.92,165666.63,80.9,87.9
gg123-cc195,287062.48,165665.97,80.84,87.84
gg123-cc196,287057.02,165716.96,80.69,87.69
gg123-cc197,287054.6,165714.18,80.67,87.67
gg123-cc198,287044.91,166083.03,79.61,86.61
gg123-cc199,287045.5,166084.16,79.6,86.6
gg123-cc200,-122222,-122222,-15,-8
gg123-cc201,287018.63,165488.93,82.91,89.91
gg123-cc202,287014.4,165483.58,83.12,90.12
gg123-cc203,286901.54,165448.23,83.51,90.51
gg123-cc204,286901.33,165448.25,83.47,90.47
gg123-cc205,287039.82,166125.05,80.37,87.37
gg123-cc206,287124.62,166048.78,80.57,87.57
gg123-cc207,287124.49,166049.12,80.57,87.57
gg123-cc208,287027.93,166065.78,79.95,86.95
gg123-cc209,287027.51,166063.47,79.92,86.92
gg123-cc210,287026.29,166062.41,79.9,86.9
gg123-cc211,287027.62,166060.79,79.86,86.86
gg123-cc212,287026.36,166059.04,79.78,86.78
gg123-cc213,287024.56,166057.6,79.53,86.53
gg123-cc214,287055.98,165655,80.76,87.76
gg123-cc215,287048.59,165657.56,80.82,87.82
gg123-cc216,287050.36,165657.38,80.8,87.8
gg123-cc217,286924.95,165509.8,83.14,90.14
gg123-cc218,287067.29,165856.49,80.7,87.7
gg123-cc219,287066.55,165856.55,80.71,87.71
gg123-cc220,287112.17,166120.66,79.4,86.4
gg123-cc221,287114.25,166085.1,79.53,86.53
gg123-cc222,287099.7,166065.28,80.51,87.51
gg123-cc223,286996.92,166084.27,80.03,87.03
gg123-cc224,286997.8,166089.39,79.74,86.74
gg123-cc225,287141.8,166137.3,78.93,85.93
gg123-cc226,287143.9,166141.1,78.85,85.85
gg123-cc227,287144.09,166141.42,78.89,85.89
gg123-cc228,-122222,-122222,-15,-8
gg123-cc229,287111.85,166116.67,79.18,86.18
gg123-cc230,287111,166025.1,81.25,88.25
gg123-cc231,286654.91,166024.26,81.25,88.25
gg123-cc232,287111.7,166025.13,81.19,88.19
gg123-cc233,287093.59,166021.94,81.2,88.2
gg123-cc234,287107.21,166004.84,80.84,87.84
gg123-cc235,287107.64,166005.35,81.05,88.05
gg123-cc236,287107.98,166005.39,81.08,88.08
gg123-cc237,287108.53,166004.89,81.01,88.01
gg123-cc238,287107.24,166005,80.99,87.99
gg123-cc239,287092.18,166004.92,980.87,987.87
gg123-cc240,287092.27,166005.05,80.97,87.97
gg123-cc241,287092.21,166005.98,80.99,87.99
gg123-cc242,287093.72,166004.61,81,88
gg123-cc243,287094.31,165987.11,80.31,87.31
gg123-cc244,287094.96,165986.97,80.34,87.34
gg123-cc245,287092.8,165986.62,80.27,87.27
gg123-cc246,287085.83,165980.86,80.09,87.09
gg123-cc247,287086.24,165984.17,80.14,87.14
gg123-cc248,287087.12,165965.65,80.12,87.12
gg123-cc249,287087.08,165965.68,80.17,87.17
gg123-cc250,287104.89,165965.54,80.4,87.4
gg123-cc251,287104.3,165965.91,80.48,87.48
gg123-cc252,287085.34,165888.27,80.47,87.47
gg123-cc253,287083.85,165883.12,80.85,87.85
gg123-cc254,287083.67,165883.56,80.82,87.82
gg123-cc255,287072.06,165882.49,81.3,88.3
gg123-cc256,287083.97,165873.77,81.3,88.3
gg123-cc257,287085.23,165873.56,80.83,87.83
gg123-cc258,287082.96,165873.99,80.79,87.79
gg123-cc259,287082.47,165874.05,80.79,87.79
gg123-cc260,-122222,-122222,-15,-8
gg123-cc261,287145.04,166122.68,79.1,86.1
gg123-cc262,-122222,-122222,-15,-8
gg123-cc263,-122222,-122222,-15,-8
gg123-cc264,286804,165342,-15,-8
gg123-cc265,286913,165644,-15,-8
gg123-cc266,287054.09,166173.98,81.11,88.11
gg123-cc267,287054.66,166172.65,81.12,88.12
gg123-cc268,287262,166011.04,80.3,87.3
gg123-cc269,286997.93,166088.61,79.82,86.82
gg123-cc270,286998.11,166089.68,79.75,86.75
gg123-cc271,287057.7,166151.8,81.24,88.24
gg123-cc272,287058.51,166150.39,81.31,88.31
gg123-cc273,287056.75,166149.02,81.35,88.35
gg123-cc274,287040.53,166165.38,69.7,76.7
gg123-cc275,287030.51,166066.47,80.09,87.09
gg123-cc276,287029.27,166066.11,79.99,86.99
gg123-cc277,287028.93,166067.07,80.02,87.02
gg123-cc278,287076.09,165822.58,80.71,87.71
gg123-cc279,287076.09,165822.58,80.71,87.71
gg123-cc280,287062.61,165643.9,80.98,87.98
gg123-cc281,287063.46,165647.78,80.96,87.96
gg123-cc282,287003.05,165474.87,83.14,90.14
gg123-cc283,287003.95,165473.81,83.17,90.17
gg123-cc284,287003.95,165473.81,83.17,90.17
gg123-cc285,287005,165508.34,83.24,90.24
gg123-cc286,286894.95,165418.69,83.69,90.69
gg123-cc287,286896.8,165418.12,83.67,90.67
gg123-cc288,286894.3,165416.87,83.66,90.66
gg123-cc289,287238.02,166012.97,80.64,87.64
gg123-cc290,286453.47,165155.03,85.64,92.64
gg123-cc291,286228.19,165004.41,85.22,92.22
gg123-cc292,286151.98,165008.03,87.77,94.77
gg123-cc293,286169.99,165066.02,85.72,92.72
gg123-cc294,285967.98,164995.24,93.03,100.03
gg123-cc295,286031.61,164943.88,93.45,100.45
gg123-cc296,286579.06,165231,84.62,91.62
gg123-cc297,286610.14,165245.48,85.06,92.06
gg123-cc298,286462.52,165205.13,85.76,92.76
gg123-cc299,286438.62,156193.39,85.99,92.99
gg123-cc300,286428.73,165162.86,86.56,93.56
gg123-cc301,286390.01,165160.98,86.25,93.25
gg123-cc302,286376.02,165132.05,86.88,93.88
gg123-cc303,286347.74,165114.84,86.41,93.41
gg123-cc304,286306.39,165038.45,84.9,91.9
gg123-cc305,286401,165171,86.52,93.52
gg123-cc306,286398.98,165155.99,86.27,93.27
gg123-cc307,286073.16,165026.75,88.91,95.91
gg123-cc308,286075.42,165024.73,88.92,95.92
gg123-cc309,285960.54,165118.98,110.73,117.73
gg123-cc310,286302.49,165077.45,85.42,92.42
gg123-cc311,286335.68,165098.89,85.44,92.44
gg123-cc312,286360.27,165110.52,85.61,92.61
gg123-cc313,286409.98,165135.06,85.69,92.69
gg123-cc314,286450.03,165142.02,85.64,92.64
gg123-cc315,286501.75,165172.53,84.09,91.09
gg123-cc316,286535.33,165190.06,84.85,91.85
gg123-cc317,286572.62,165202.16,84.04,91.04
gg123-cc318,286588,165231.06,84.97,91.97
gg123-cc319,285882.8,164923.71,90.58,97.58
gg123-cc320,285973.13,164949.93,92.45,99.45
gg123-cc321,286109.64,164998.63,87.52,94.52
gg123-cc322,285929.75,164925.2,93.56,100.56
gg123-cc323,286328.06,165068.97,85.27,92.27
gg123-cc324,286328.06,165068.97,85.25,92.25
gg123-cc325,286355.01,165093.98,85.39,92.39
gg123-cc326,286013.03,164952.03,93.46,100.46
gg123-cc327,286046.98,164977.06,87.65,94.65
gg123-cc328,-122222,-122222,-15,-8
gg123-cc329,285934.98,164936.02,93.6,100.6
gg123-cc330,286690.61,165233.98,-15,-8
gg123-cc331,286546.26,165159,-15,-8
gg123-cc332,286613.84,165244.83,84.91,91.91
gg123-cc333,285990.59,164980.49,93.46,100.46
gg123-cc334,285764.38,164885.3,92.45,99.45
gg123-cc335,285722.06,164852.98,92.59,99.59
gg123-cc336,285823.02,164875.99,91.81,98.81
gg123-cc337,-122222,-122222,-15,-8
gg123-cc338,-122222,-122222,-15,-8
gg123-cc339,-122222,-122222,-15,-8
gg123-cc340,-122222,-122222,-15,-8
gg123-cc341,-122222,-122222,-15,-8
gg123-cc342,-122222,-122222,-15,-8
gg123-cc343,-122222,-122222,-15,-8
gg123-cc344,-122222,-122222,-15,-8
gg123-cc345,-122222,-122222,-15,-8
gg123-cc346,-122222,-122222,-15,-8
gg123-cc347,-122222,-122222,-15,-8
gg123-cc348,317623.94,139596,73.75,80.75
gg123-cc349,317795.56,139449.58,67.27,74.27
gg123-cc350,317823.87,139387.45,65.05,72.05
gg123-cc351,317853.09,139403.72,64.44,71.44
gg123-cc352,317527.5,139636.25,75.36,82.36
gg123-cc353,317875.4,139367.47,62.74,69.74
gg123-cc354,317864.23,139384.86,64.49,71.49
gg123-cc355,317845,139397,66.17,73.17
gg123-cc356,317845.29,139413.34,65.99,72.99
gg123-cc357,317820.96,139415.04,65.48,72.48
gg123-cc358,317850.1,139466.57,67.41,74.41
gg123-cc359,317946.68,139399.53,64.13,71.13
gg123-cc360,317763.99,139555.99,70.31,77.31
gg123-cc361,317849.16,139406.76,64.89,71.89
gg123-cc362,317705.44,139503.77,71.02,78.02
gg123-cc363,316464.56,141164.8,59.62,66.62
gg123-cc364,315925.03,141706.88,49.16,56.16
gg123-cc365,315950.52,141676.73,49.09,56.09
gg123-cc366,316304.29,141474.11,52.03,59.03
gg123-cc367,316192.45,141426.77,51,58
gg123-cc368,316228.08,141213.61,61,68
gg123-cc369,316265.58,141240.81,53.42,60.42
gg123-cc370,315908.94,141975.18,50.89,57.89
gg123-cc371,315878.99,142019.36,50.83,57.83
gg123-cc372,315874.87,142046.41,50.91,57.91
gg123-cc373,315224.6,142790.37,71.86,78.86
gg123-cc374,315374,142327.95,57.99,64.99
gg123-cc375,314756.18,143600.07,71.3,78.3
gg123-cc376,315189.81,143881.08,71.86,78.86
gg123-cc377,314775.13,143643.09,68.82,75.82
gg123-cc378,315131.53,143846.02,71.69,78.69
gg123-cc379,315167.84,143869.44,72.4,79.4
gg123-cc380,314888.43,143199.12,73.86,80.86
gg123-cc381,314898.98,143283.84,75.58,82.58
gg123-cc382,314974.39,143339.02,83.21,90.21
gg123-cc383,314974.51,143338.95,83.43,90.43
gg123-cc384,314697,143568.45,73.93,80.93
gg123-cc385,314713.72,143608.38,68.2,75.2
gg123-cc386,314667.79,143573.73,67.94,74.94
gg123-cc387,314694.97,143625.2,71.86,78.86
gg123-cc388,314702.85,143601.23,68.2,75.2
gg123-cc389,314718.34,143585.96,72.88,79.88
gg123-cc390,314672.64,143608.84,72.89,79.89
gg123-cc391,314708.58,143579.26,73.24,80.24
gg123-cc392,314758.17,143635.27,68.73,75.73
gg123-cc393,314843.93,143387.73,81.94,88.94
gg123-cc394,315211.85,143892.87,72.06,79.06
gg123-cc395,-122222,-122222,-15,-8
gg123-cc396,-122222,-122222,-15,-8
gg123-cc397,-122222,-122222,-15,-8
gg123-cc398,314733.41,143555.11,73.82,80.82
gg123-cc399,314689.7,143591.5,68.03,75.03
gg123-cc400,314592.71,143521.12,67.08,74.08
gg123-cc401,315247.55,143908.56,67.08,74.08
gg123-cc402,315329.96,143950,72.78,79.78
gg123-cc403,314976.57,143335.88,83.22,90.22
gg123-cc404,314578.25,143511.24,66.92,73.92
gg123-cc405,314634.8,143553.48,67.64,74.64
gg123-cc406,314660.59,143599.18,73.68,80.68
gg123-cc407,314725.94,143587.31,72.76,79.76
gg123-cc408,-122222,-122222,-15,-8
gg123-cc409,314227.09,144321.94,47.68,54.68
gg123-cc410,314341.66,144191.1,50.93,57.93
gg123-cc411,314287.97,144312.14,48.44,55.44
gg123-cc412,314263.64,144252.47,47.66,54.66
gg123-cc413,314144.02,144451.02,46.7,53.7
gg123-cc414,314156.04,144476.03,46.84,53.84
gg123-cc415,314048.57,144432.64,45.6,52.6
gg123-cc416,314291.48,144183.1,51.44,58.44
gg123-cc417,314332.45,144211.46,50.21,57.21
gg123-cc418,314324.61,144198.8,50.86,57.86
gg123-cc419,314302.57,144182.42,51.63,58.63
gg123-cc420,314090.04,144534.72,45.77,52.77
gg123-cc421,314257.21,144240.62,48.09,55.09
gg123-cc422,314216.13,144336.63,47.2,54.2
gg123-cc423,314186.99,144383,47.11,54.11
gg123-cc424,314155,144433.03,47.06,54.06
gg123-cc425,314120.02,144484.76,46.3,53.3
gg123-cc426,314356.77,144156.51,52.33,59.33
gg123-cc427,314089.01,144533.95,45.8,52.8
gg123-cc428,314089.55,144534.77,45.79,52.79
gg123-cc429,314145.22,144098.92,51.48,58.48
gg123-cc430,314244.01,144145.28,52.26,59.26
gg123-cc431,314371.61,144233.81,49.56,56.56
gg123-cc432,314236,144162.45,51.38,58.38
gg123-cc433,314163.12,144201.12,47.99,54.99
gg123-cc434,314163.04,144239.87,47.2,54.2
gg123-cc435,314123.77,144247.05,46.91,53.91
gg123-cc436,314331.93,144235.12,49.49,56.49
gg123-cc437,314202.48,144336.01,47.67,54.67
gg123-cc438,314244.55,144230.08,48.87,55.87
gg123-cc439,314243.8,144240.69,48.42,55.42
gg123-cc440,314145.21,144154.07,50.25,57.25
gg123-cc441,314164.21,144132.91,50.94,57.94
gg123-cc442,314011.26,144884.38,45.44,52.44
gg123-cc443,314043.25,144598.67,44.98,51.98
gg123-cc444,313564.72,145298.23,40.33,47.33
gg123-cc445,313627.6,145235.64,39.39,46.39
gg123-cc446,313607.13,145269.97,39.53,46.53
gg123-cc447,313583.75,145303.37,40.18,47.18
gg123-cc448,313617.93,145244.49,39.29,46.29
gg123-cc449,313592.43,145285.5,39.45,46.45
gg123-cc450,313593.31,145301.81,39.68,46.68
gg123-cc451,313601.78,145286.25,39.57,46.57
gg123-cc452,313616.32,145283.39,39.47,46.47
gg123-cc453,313626.59,145249.48,39.55,46.55
gg123-cc454,313635.69,145235.36,39.51,46.51
gg123-cc455,313641.89,145216.91,39.96,46.96
gg123-cc456,313653.39,145221.01,39.99,46.99
gg123-cc457,313655.48,145202.28,40.59,47.59
gg123-cc458,313794.74,145135.48,44.06,51.06
gg123-cc459,313802.58,145115.39,44.6,51.6
gg123-cc460,313770.56,145162.23,43.19,50.19
gg123-cc461,313019.49,146184.71,80.64,87.64
gg123-cc462,313019.97,146139.94,76.79,83.79
gg123-cc463,313085.2,146052.87,74.64,81.64
gg123-cc464,313081.5,146066.36,73.42,80.42
gg123-cc465,313101.33,146077.95,79.55,86.55
gg123-cc466,313300.01,145742.03,53.9,60.9
gg123-cc467,313210.04,145880.06,62.14,69.14
gg123-cc468,313468.02,145478.98,46.82,53.82
gg123-cc469,313388.84,145408.87,47.6,54.6
gg123-cc470,313364,145642,51.25,58.25
gg123-cc471,313278.01,145776.05,54.82,61.82
gg123-cc472,313235.99,145839.01,58.21,65.21
gg123-cc473,313186.01,145917.04,66.73,73.73
gg123-cc474,313436.19,145375.48,45.72,52.72
gg123-cc475,313388.97,145428.9,47.94,54.94
gg123-cc476,313015.94,146055.99,79.95,86.95
gg123-cc477,312996.68,146063.33,79.72,86.72
gg123-cc478,312688.52,146706.91,78.49,85.49
gg123-cc479,312661.13,146713.51,78.38,85.38
gg123-cc480,312859.78,146395.05,81.45,88.45
gg123-cc481,312884.08,146403.36,81.27,88.27
gg123-cc482,312952.78,146233.36,80.77,87.77
gg123-cc483,312790.07,146768.57,81.84,88.84
gg123-cc484,312637.28,146697.84,77.83,84.83
gg123-cc485,312733.35,146688.98,79.23,86.23
gg123-cc486,312914,146351.99,80.91,87.91
gg123-cc487,312763.04,146588.04,82.15,89.15
gg123-cc488,312763.04,146588.04,82.15,89.15
gg123-cc489,312851.25,146424.45,78.78,85.78
gg123-cc490,312843.24,146457.11,80.8,87.8
gg123-cc491,312760.98,146526.13,82.73,89.73
gg123-cc492,312714.7,146659.94,79.02,86.02
gg123-cc493,312919.79,146289.43,80.78,87.78
gg123-cc494,312680.55,146721.03,78.94,85.94
gg123-cc495,312553.48,146924.54,83.21,90.21
gg123-cc496,312639.22,146766.75,81.13,88.13
gg123-cc497,312656.41,146649.15,77.86,84.86
gg123-cc498,312641.2,146690.66,77.72,84.72
gg123-cc499,312660.24,146708.18,78.42,85.42
gg123-cc500,312628.42,146686.37,77.97,84.97
gg123-cc501,312497.06,146932.53,82.65,89.65
gg123-cc502,312564.98,146848,82.71,89.71
gg123-cc503,312514.89,146868.14,82.91,89.91
gg123-cc504,312534.31,146974.04,81.79,88.79
gg123-cc505,312629.21,146823.12,81.61,88.61
gg123-cc506,312838.7,146395.83,80.46,87.46
gg123-cc507,312890.68,146384.76,80.99,87.99
gg123-cc508,312952.25,146308.37,81.11,88.11
gg123-cc509,312716.9,146725.54,79.68,86.68
gg123-cc510,312188.01,147426,65.4,72.4
gg123-cc511,311830.82,147764.75,56.17,63.17
gg123-cc512,312375.69,147133.87,76.03,83.03
gg123-cc513,312225.95,147346.06,68.52,75.52
gg123-cc514,312217.3,147351.55,68.19,75.19
gg123-cc515,312251.76,147392.48,67.44,74.44
gg123-cc516,312254.07,147391.95,67.39,74.39
gg123-cc517,312243.16,147381.12,67.81,74.81
gg123-cc518,312155.45,147490.91,63.91,70.91
gg123-cc519,312084.2,147565.17,61.19,68.19
gg123-cc520,311878.88,147853.79,59.76,66.76
gg123-cc521,312281.82,147463.87,65.6,72.6
gg123-cc522,312282.19,147415.86,67.29,74.29
gg123-cc523,312298.28,147362.83,69.72,76.72
gg123-cc524,312055.1,147612.93,60.83,67.83
gg123-cc525,311956.22,147737.39,60.32,67.32
gg123-cc526,312155.34,147513,62.94,69.94
gg123-cc527,312153.43,147511.2,62.84,69.84
gg123-cc528,311798,147900.89,55.95,62.95
gg123-cc529,311247.82,148549.26,54.6,61.6
gg123-cc530,311825.18,147927.15,57.36,64.36
gg123-cc531,311553.75,148211.99,53.39,60.39
gg123-cc532,311416.95,148387.5,53.93,60.93
gg123-cc533,311804.31,147904.5,56.21,63.21
gg123-cc534,311909.03,148004.71,59.38,66.38
gg123-cc535,311708.73,147874.71,53.43,60.43
gg123-cc536,311719.57,147880.66,53.57,60.57
gg123-cc537,311722.25,147837.15,53.61,60.61
gg123-cc538,-122222,-122222,-15,-8
gg123-cc539,311729,148024.21,51.82,58.82
gg123-cc540,311240.9,148548.16,54.56,61.56
gg123-cc541,311247.6,148536.14,54.72,61.72
gg123-cc542,311247.36,148537.43,54.72,61.72
gg123-cc543,311739.99,148068.34,51.49,58.49
gg123-cc544,310963.28,149084.32,52.51,59.51
gg123-cc545,-122222,-122222,-15,-8
gg123-cc546,311125.65,148679.94,50.52,57.52
gg123-cc547,310935.54,148884.28,48.1,55.1
gg123-cc548,310687.36,149163.98,45.86,52.86
gg123-cc549,310684.15,148924.61,44.08,51.08
gg123-cc550,310714.74,148903.13,44.42,51.42
gg123-cc551,311137.82,148617.62,51.32,58.32
gg123-cc552,310608.7,149232.74,46.88,53.88
gg123-cc553,310852.19,149053.09,48.41,55.41
gg123-cc554,-122222,-122222,-15,-8
gg123-cc555,310893.24,149051.58,48.93,55.93
gg123-cc556,310505,149330.37,46.09,53.09
gg123-cc557,310774.71,149041.19,45.62,52.62
gg123-cc558,310795.19,149058.09,46.27,53.27
gg123-cc559,310753.11,149135.06,42.81,49.81
gg123-cc560,310717.79,149176.47,45.02,52.02
gg123-cc561,310703.18,149181.93,45.59,52.59
gg123-cc562,310703.4,148908.32,44.11,51.11
gg123-cc563,310673.95,148897.84,43.83,50.83
gg123-cc564,310973.87,148944.18,49.64,56.64
gg123-cc565,310975.39,148984.71,50.23,57.23
gg123-cc566,310936.79,149006.67,50.36,57.36
gg123-cc567,310770.43,148942.92,45.27,52.27
gg123-cc568,-122222,-122222,-15,-8
gg123-cc569,310078.05,149865.42,45.12,52.12
gg123-cc570,310126.45,149730.55,51.11,58.11
gg123-cc571,310108.01,149783.9,48.45,55.45
gg123-cc572,310173.44,149725.4,50.78,57.78
gg123-cc573,310248.61,149625.98,52.45,59.45
gg123-cc574,310279.09,149561.22,51.11,58.11
gg123-cc575,310397.17,149437.56,47.79,54.79
gg123-cc576,310004.13,149896.17,43.03,50.03
gg123-cc577,309909.87,149986.22,39.88,46.88
gg123-cc578,309921.55,149954.47,40.11,47.11
gg123-cc579,309832.36,150047.8,45.12,52.12
gg123-cc580,309832.57,150047.75,44.84,51.84
gg123-cc581,309869.17,150049.23,42.98,49.98
gg123-cc582,309875.19,150010.82,40.97,47.97
gg123-cc583,309896.03,150019.75,41.09,48.09
gg123-cc584,310123.54,149764.98,48.97,55.97
gg123-cc585,310298.34,149573.13,50.76,57.76
gg123-cc586,310406.8,149450.69,47.64,54.64
gg123-cc587,309971.59,149917.47,41.06,48.06
gg123-cc588,309921.38,149953.31,40.15,47.15
gg123-cc589,310188.51,149674.88,51.78,58.78
gg123-cc590,310206.26,149689.65,51.38,58.38
gg123-cc591,310393.76,149424.42,47.73,54.73
gg123-cc592,310411.5,149436.68,47.66,54.66
gg123-cc593,310428.92,149435.94,47.33,54.33
gg123-cc594,310450.95,149458.03,46.81,53.81
gg123-cc595,309868.67,150029.09,41.81,48.81
gg123-cc596,309859.47,150045.23,43.25,50.25
gg123-cc597,-122222,-122222,-15,-8
gg123-cc598,309829,149999,41.16,48.16
gg123-cc599,310101.51,149748.58,50.86,57.86
gg123-cc600,309845.94,150058.03,44.64,51.64
gg123-cc601,310298.85,149613,50.3,57.3
gg123-cc602,310311.8,149596.94,50.21,57.21
gg123-cc603,309178.86,150794.8,67.7,74.7
gg123-cc604,309160.69,150779.92,68.34,75.34
gg123-cc605,309113.61,150728.41,68.53,75.53
gg123-cc606,309165.64,150710.13,67.31,74.31
gg123-cc607,309166.54,150713.22,67.4,74.4
gg123-cc608,309180.27,150759.83,67.08,74.08
gg123-cc609,309160.81,150747.26,67.45,74.45
gg123-cc610,309466.84,150459.08,58.82,65.82
gg123-cc611,309901.08,150254.93,53.38,60.38
gg123-cc612,309851.41,150224.4,49.24,56.24
gg123-cc613,309868.91,150193.57,49.11,56.11
gg123-cc614,309806.43,150195.81,51.02,58.02
gg123-cc615,309763.99,150167.46,51.37,58.37
gg123-cc616,309721.73,150139.53,50.22,57.22
gg123-cc617,309669.16,150109.42,49.1,56.1
gg123-cc618,309596.47,150063.55,46.8,53.8
gg123-cc619,309553.78,150033.13,47.08,54.08
gg123-cc620,309373.01,150501.52,61.69,68.69
gg123-cc621,309137.65,150753.72,68.38,75.38
gg123-cc622,309848.09,150241,50.56,57.56
gg123-cc623,309445.26,150401.3,57.49,64.49
gg123-cc624,309376.73,150514.67,61.95,68.95
gg123-cc625,309654.63,150257.97,53.85,60.85
gg123-cc626,309465.88,150461.54,58.95,65.95
gg123-cc627,309491.61,150434.63,58.28,65.28
gg123-cc628,309567.3,150041.99,46.42,53.42
gg123-cc629,309868.01,150200.38,48.98,55.98
gg123-cc630,309853.17,150220.09,49.17,56.17
gg123-cc631,309947.8,150280.89,56,63
gg123-cc632,309463.09,150391.22,57.27,64.27
gg123-cc633,309450.66,150405.41,57.72,64.72
gg123-cc634,309203.41,150788.31,66.8,73.8
gg123-cc635,309186.94,150787.92,67.39,74.39
gg123-cc636,309764.52,150167.59,51.65,58.65
gg123-cc637,309741.51,150152.61,51.19,58.19
gg123-cc638,309425.83,150487.59,63.58,70.58
gg123-cc639,309410.1,150536.42,63.08,70.08
gg123-cc640,308955.73,151068.78,61.82,68.82
gg123-cc641,308838,151043.77,51.11,58.11
gg123-cc642,308835.72,151034.47,51.2,58.2
gg123-cc643,308916.12,150964.66,59.49,66.49
gg123-cc644,308811.63,151055.92,50.7,57.7
gg123-cc645,308804.76,151048.45,50.84,57.84
gg123-cc646,308805.59,151069.13,50.77,57.77
gg123-cc647,308777,151066.05,51.41,58.41
gg123-cc648,308836.41,151010.4,52.57,59.57
gg123-cc649,308872.59,151027.89,54.77,61.77
gg123-cc650,308843.94,151006.55,53.29,60.29
gg123-cc651,308864.89,151024.65,53.2,60.2
gg123-cc652,308932.38,150950.45,61.09,68.09
gg123-cc653,308442.79,151306.13,58.77,65.77
gg123-cc654,308586.41,151223.28,62.41,69.41
gg123-cc655,308742.92,151099.74,55.16,62.16
gg123-cc656,308511.61,151318.35,61.59,68.59
gg123-cc657,308654.57,151156.26,62.83,69.83
gg123-cc658,308830.05,151026.97,51.49,58.49
gg123-cc659,308843.1,151038.95,51.2,58.2
gg123-cc660,308840.32,151018.13,52.13,59.13
gg123-cc661,308847.63,151031.02,51.75,58.75
gg123-cc662,308812.26,150989.5,52.97,59.97
gg123-cc663,308910.18,151047.39,57.61,64.61
gg123-cc664,308851.62,151018.86,52.97,59.97
gg123-cc665,308867.54,151019.74,53.72,60.72
gg123-cc666,308560.95,151221.39,61.45,68.45
gg123-cc667,308593.62,151266.98,62.97,69.97
gg123-cc668,308565.51,151266.74,62.39,69.39
gg123-cc669,309041.54,150858.27,69.07,76.07
gg123-cc670,309026.73,150870.19,68.37,75.37
gg123-cc671,308681.04,151146.92,62.24,69.24
gg123-cc672,308151,151553.94,62.63,69.63
gg123-cc673,308075.13,151507.92,61.11,68.11
gg123-cc674,307972.02,151514.11,60.5,67.5
gg123-cc675,307972.02,151514.11,60.5,67.5
gg123-cc676,307753.67,151739.12,55.05,62.05
gg123-cc677,307715,151789.06,57.12,64.12
gg123-cc678,307718.02,151773.68,56.8,63.8
gg123-cc679,308075.19,151591.08,64.14,71.14
gg123-cc680,308091.79,151581.74,63.77,70.77
gg123-cc681,308135,151552.47,62.84,69.84
gg123-cc682,-122222,-122222,-15,-8
gg123-cc683,307962.88,151710.07,62.5,69.5
gg123-cc684,307896.43,151665.64,61.62,68.62
gg123-cc685,308108.43,151593.62,64.52,71.52
gg123-cc686,308139.41,151539.93,62.93,69.93
gg123-cc687,307659.82,151718.21,57.78,64.78
gg123-cc688,307753.35,151750.58,55.41,62.41
gg123-cc689,307784.43,151734.8,54.52,61.52
gg123-cc690,307758.75,151741.82,54.86,61.86
gg123-cc691,307870.85,151640.26,59.58,66.58
gg123-cc692,307813.09,151600.45,55.39,62.39
gg123-cc693,307738.78,151632.25,54.31,61.31
gg123-cc694,307626.43,151722.22,58.52,65.52
gg123-cc695,308046.37,151608.38,64.34,71.34
gg123-cc696,308030.94,151618.19,64.24,71.24
gg123-cc697,308193.23,151477.76,60.31,67.31
gg123-cc698,308194.19,151489.58,60.53,67.53
gg123-cc699,308182.95,151539.85,61.45,68.45
gg123-cc700,308183.62,151542.54,61.51,68.51
gg123-cc701,307915.98,151563.08,60.11,67.11
gg123-cc702,307895.48,151604.61,61.21,68.21
gg123-cc703,307637.97,151720.12,58.12,65.12
gg123-cc704,308012.08,151765.31,63.33,70.33
gg123-cc705,308089.8,151863.31,64.27,71.27
gg123-cc706,-122222,-122222,-15,-8
gg123-cc707,-122222,-122222,-15,-8
gg123-cc708,-122222,-122222,-15,-8
gg123-cc709,307401.77,152004.52,64.86,71.86
gg123-cc710,306774.87,152283.26,75.87,82.87
gg123-cc711,307549.7,152164.49,56.02,63.02
gg123-cc712,306941.94,152225.85,64.19,71.19
gg123-cc713,306943.47,152225,64.21,71.21
gg123-cc714,306927.44,152207.09,62.89,69.89
gg123-cc715,306893.77,152223.5,66.31,73.31
gg123-cc716,-122222,-122222,-15,-8
gg123-cc717,-122222,-122222,-15,-8
gg123-cc718,-122222,-122222,-15,-8
gg123-cc719,-122222,-122222,-15,-8
gg123-cc720,-122222,-122222,-15,-8
gg123-cc721,306190.4,152631.01,74.04,81.04
gg123-cc722,306073.32,152664.05,76.63,83.63
gg123-cc723,306009.77,152720.99,77.65,84.65
gg123-cc724,305917.44,152784.37,75.09,82.09
gg123-cc725,306488,152457.32,84.35,91.35
gg123-cc726,306490.02,152394.02,82.81,89.81
gg123-cc727,306260.14,152577.56,76.99,83.99
gg123-cc728,305903.5,152791.82,75.74,82.74
gg123-cc729,305804.27,152857.71,75.22,82.22
gg123-cc730,305827.23,152830.33,67.84,74.84
gg123-cc731,305861.77,152816.19,75.99,82.99
gg123-cc732,305883.91,152799.22,76.34,83.34
gg123-cc733,306536.13,152387.12,82.01,89.01
gg123-cc734,304934.95,153490.02,96.23,103.23
gg123-cc735,305036.03,153448.6,97.46,104.46
gg123-cc736,305356.21,153110.29,85.61,92.61
gg123-cc737,307912.18,151688.99,60.91,67.91
gg123-cc738,305277,153320.02,93.33,100.33
gg123-cc739,305075.66,153390.59,98.32,105.32
gg123-cc740,305036.04,153421.22,98.77,105.77
gg123-cc741,305509.3,153033.78,81.3,88.3
gg123-cc742,305650.99,152958.01,77.65,84.65
gg123-cc743,305657.68,152930.93,76.96,83.96
gg123-cc744,305604.64,152989.04,78.77,85.77
gg123-cc745,305612.81,152960.57,78.22,85.22
gg123-cc746,304688.06,153664.17,108.17,115.17
gg123-cc747,304718.08,153641.69,107.7,114.7
gg123-cc748,304674.78,153707.49,113.48,120.48
gg123-cc749,304397.11,153923.81,115.32,122.32
gg123-cc750,304843.87,153543.06,101.83,108.83
gg123-cc751,304538.4,153754.65,116.57,123.57
gg123-cc752,304454.59,153808.93,117.56,124.56
gg123-cc753,304446.25,153811.19,117.64,124.64
gg123-cc754,304185.21,154025.1,111.16,118.16
gg123-cc755,304506.03,153805.52,111.11,118.11
gg123-cc756,304252.78,154020.86,112.11,119.11
gg123-cc757,304484.98,153785.01,116.43,123.43
gg123-cc758,304629.68,153719.78,109.13,116.13
gg123-cc759,304665.71,153679.46,111.52,118.52
gg123-cc760,304306.56,153903.08,114.48,121.48
gg123-cc761,304758.23,153554.04,107.61,114.61
gg123-cc762,304627.96,153717.03,108.99,115.99
gg123-cc763,304456.2,153837.24,111.82,118.82
gg123-cc764,304793.07,153607.13,108.63,115.63
gg123-cc765,304802.27,153604.33,104.39,111.39
gg123-cc766,304811.08,153600.51,103.68,110.68
gg123-cc767,304679.57,153651.95,113.45,120.45
gg123-cc768,304676.61,153653.81,113.63,120.63
gg123-cc769,304677.91,153654.43,113.53,120.53
gg123-cc770,304662.79,153668.64,114.03,121.03
gg123-cc771,304653.16,153675.14,114.26,121.26
gg123-cc772,304651.64,153662.53,114.27,121.27
gg123-cc773,-122222,-122222,-15,-8
gg123-cc774,-122222,-122222,-15,-8
gg123-cc775,304262,154093.01,110.06,117.06
gg123-cc776,304262,154164,107.05,114.05
gg123-cc777,304309,154180,114.03,121.03
gg123-cc778,303559.69,154475.08,111.02,118.02
gg123-cc779,304037.98,154149.44,113.57,120.57
gg123-cc780,-122222,-122222,-15,-8
gg123-cc781,303969.6,154214.25,114.02,121.02
gg123-cc782,303562.11,154480.79,111.02,118.02
gg123-cc783,303435.62,154627.8,103.81,110.81
gg123-cc784,303484.19,154594.44,105.1,112.1
gg123-cc785,303538.37,154553.88,106.89,113.89
gg123-cc786,303510.04,154517.79,107.33,114.33
gg123-cc787,303348.01,154581,102.92,109.92
gg123-cc788,303402.28,154651.5,102.87,109.87
gg123-cc789,303396.65,154594.54,103.87,110.87
gg123-cc790,-122222,-122222,-15,-8
gg123-cc791,302871.38,155041.1,102.39,109.39
gg123-cc792,302799.86,154967.75,98.79,105.79
gg123-cc793,302729.01,155232.98,98.18,105.18
gg123-cc794,302596.8,155325.18,96.51,103.51
gg123-cc795,302642.27,155297.47,95.47,102.47
gg123-cc796,303219.27,154682.63,100.08,107.08
gg123-cc797,303121.94,154769.88,97.96,104.96
gg123-cc798,303000.99,154776,97.74,104.74
gg123-cc799,303055.08,154796.07,97.37,104.37
gg123-cc800,302922.09,154840.09,95.75,102.75
gg123-cc801,302868.99,154937.1,98.95,105.95
gg123-cc802,302744.03,155066.03,96.98,103.98
gg123-cc803,302680.96,155253.01,96.94,103.94
gg123-cc804,-122222,-122222,-15,-8
gg123-cc805,302724.32,155006.16,95.22,102.22
gg123-cc806,302733.2,155020.56,96.02,103.02
gg123-cc807,302721.38,155035,95.26,102.26
gg123-cc808,303197.26,154692.25,99.85,106.85
gg123-cc809,303038.66,154813,96.73,103.73
gg123-cc810,301899.47,156060.66,88.06,95.06
gg123-cc811,301912.67,156045.73,88.16,95.16
gg123-cc812,302312.57,155524.3,91.23,98.23
gg123-cc813,302309.96,155548.38,90.97,97.97
gg123-cc814,302274.85,155571.96,90.28,97.28
gg123-cc815,301799.69,155975.03,94.81,101.81
gg123-cc816,302172.65,155622.83,90.68,97.68
gg123-cc817,302095,155687.89,90.72,97.72
gg123-cc818,302450.64,155444.57,96.44,103.44
gg123-cc819,302477.04,155421.53,96.91,103.91
gg123-cc820,302505.2,155409.91,97.26,104.26
gg123-cc821,302533.06,155370.51,97.36,104.36
gg123-cc822,302573.22,155355.36,97.83,104.83
gg123-cc823,302018.39,155725.13,91.25,98.25
gg123-cc824,301911.82,155848.84,94.55,101.55
gg123-cc825,301944.85,155923.23,91.52,98.52
gg123-cc826,301836.43,155905.38,97.04,104.04
gg123-cc827,301938.99,156017.01,87.83,94.83
gg123-cc828,301931.53,156308.14,89.03,96.03
gg123-cc829,301539.19,156254.63,93.38,100.38
gg123-cc830,301403.74,156406.62,96.88,103.88
gg123-cc831,301735.85,156086.32,93.46,100.46
gg123-cc832,301128.06,156637.09,96.83,103.83
gg123-cc833,301763.9,155973.96,95.94,102.94
gg123-cc834,301835.62,156018.11,91.44,98.44
gg123-cc835,301834.62,156017.11,91.44,98.44
gg123-cc836,301842.02,156016.68,91.66,98.66
gg123-cc837,301851.07,156024,91.07,98.07
gg123-cc838,301914.92,156110.74,87.06,94.06
gg123-cc839,301391.51,156441.81,97.45,104.45
gg123-cc840,301338.18,156409.07,98.31,105.31
gg123-cc841,301398.53,156459.54,97.48,104.48
gg123-cc842,301329.92,156408.79,98.51,105.51
gg123-cc843,300637.89,157178.09,88.44,95.44
gg123-cc844,300966.33,156833.4,89.89,96.89
gg123-cc845,-122222,-122222,-15,-8
gg123-cc846,300756.99,156967.9,91.88,98.88
gg123-cc847,300791.87,156983.39,91.64,98.64
gg123-cc848,300824.43,157009.83,91.41,98.41
gg123-cc849,301044.82,156748.87,92.69,99.69
gg123-cc850,300844.26,157021.98,91.1,98.1
gg123-cc851,300907.39,157031.99,90.6,97.6
gg123-cc852,300868.86,157034.84,90.7,97.7
gg123-cc853,300913.54,157016.97,90.5,97.5
gg123-cc854,300935.67,156849.25,90.26,97.26
gg123-cc855,299972.08,158041.43,75.39,82.39
gg123-cc856,299993.86,158050.81,75.46,82.46
gg123-cc857,299954.73,158070.21,76.63,83.63
gg123-cc858,299952.16,158104.07,77.55,84.55
gg123-cc859,300137.96,158062.66,78.85,85.85
gg123-cc860,299887.04,158018.02,74.03,81.03
gg123-cc861,299899.28,158040.44,74.5,81.5
gg123-cc862,299855.89,158023.48,74.21,81.21
gg123-cc863,299846.32,158099.52,77.36,84.36
gg123-cc864,299806.04,158138,77.46,84.46
gg123-cc865,299996.45,157984.74,75.03,82.03
gg123-cc866,300076.25,157997.25,75.4,82.4
gg123-cc867,300347.04,157468.99,82.67,89.67
gg123-cc868,299830.03,157990.96,74.25,81.25
gg123-cc869,299739.99,157984.95,73.81,80.81
gg123-cc870,299936,157947.98,75,82
gg123-cc871,300274.36,157657.08,78.88,85.88
gg123-cc872,299939.67,158089.85,77.38,84.38
gg123-cc873,300137.45,157812.83,78.81,85.81
gg123-cc874,299964.79,158114.87,77.8,84.8
gg123-cc875,300083.25,157911.1,75.43,82.43
gg123-cc876,300265.86,157636.62,80.82,87.82
gg123-cc877,300057.8,157932.84,75.35,82.35
gg123-cc878,299883.24,157986.44,74.53,81.53
gg123-cc879,300088.66,157864.97,77.48,84.48
gg123-cc880,300090.64,157903.08,75.39,82.39
gg123-cc881,299948,158083.98,78.21,85.21
gg123-cc882,299965.02,158123.01,78.24,85.24
gg123-cc883,299904.09,158057.51,76.41,83.41
gg123-cc884,300031.72,157887.21,75.43,82.43
gg123-cc885,300042.38,157875.02,76.26,83.26
gg123-cc886,300034.96,157970.12,75.15,82.15
gg123-cc887,300317.59,157584.5,80.05,87.05
gg123-cc888,300221.33,157697.6,79.57,86.57
gg123-cc889,300169.2,157802.32,78.02,85.02
gg123-cc890,299945.39,158121.78,78.21,85.21
gg123-cc891,299889.78,158169.59,78.86,85.86
gg123-cc892,299864.43,158200.54,78.15,85.15
gg123-cc893,299840.94,158227.7,77.79,84.79
gg123-cc894,299875.26,158235.04,78.12,85.12
gg123-cc895,299898.98,158191.98,78.99,85.99
gg123-cc896,299872.82,158123.85,79.56,86.56
gg123-cc897,300265.8,157571.28,82.42,89.42
gg123-cc898,299932.7,158042.16,75.05,82.05
gg123-cc899,300010.95,158100.99,77.81,84.81
gg123-cc900,299981.27,158173.75,79.68,86.68
gg123-cc901,299922.26,158018.17,74.66,81.66
gg123-cc902,300086.76,158127.3,78.78,85.78
gg123-cc903,299898.92,157947.94,74.91,81.91
gg123-cc904,299774.89,157946.96,75.76,82.76
gg123-cc905,300047.91,158077.22,77.84,84.84
gg123-cc906,300047.43,157875.97,76.19,83.19
gg123-cc907,300026.11,157877.88,76.19,83.19
gg123-cc908,-122222,-122222,-15,-8
gg123-cc909,299586.56,158684.81,72.47,79.47
gg123-cc910,299659.58,158578.12,76.74,83.74
gg123-cc911,299527.49,158765.77,79.21,86.21
gg123-cc912,-122222,-122222,-15,-8
gg123-cc913,299709.33,158502.08,73.6,80.6
gg123-cc914,299429.38,158869.92,73.89,80.89
gg123-cc915,299596.24,158671.96,71.63,78.63
gg123-cc916,299495.81,158754.94,77.25,84.25
gg123-cc917,299513.57,158759.72,78.62,85.62
gg123-cc918,299483.5,158785.12,77.09,84.09
gg123-cc919,299466.3,158824.71,76.7,83.7
gg123-cc920,299404.58,158945.39,70.71,77.71
gg123-cc921,299391.32,158890.16,71.36,78.36
gg123-cc922,299591.35,158653.8,71.42,78.42
gg123-cc923,299667.01,158661.19,71.41,78.41
gg123-cc924,299863,158427.99,75.12,82.12
gg123-cc925,299897.34,158583.47,71.88,78.88
gg123-cc926,299854.76,158651.07,71.66,78.66
gg123-cc927,299677.56,158512.53,76.46,83.46
gg123-cc928,299412.32,159111.54,73.87,80.87
gg123-cc929,299432.28,159024.37,77.52,84.52
gg123-cc930,299417.76,159078.97,76.92,83.92
gg123-cc931,299629.41,158635.7,71.74,78.74
gg123-cc932,299640.73,158609.51,73.74,80.74
gg123-cc933,299716.31,158441.87,74.7,81.7
gg123-cc934,299717.12,158457.33,74.22,81.22
gg123-cc935,299777.71,158409.98,76.38,83.38
gg123-cc936,299778.77,158418.83,76.35,83.35
gg123-cc937,299603.96,158658.03,71.33,78.33
gg123-cc938,299600.41,158740.54,77.11,84.11
gg123-cc939,299396.67,159102.89,74.03,81.03
gg123-cc940,299426.97,159062.89,77.38,84.38
gg123-cc941,299844.37,158258.29,78.16,85.16
gg123-cc942,299844.33,158258.78,78.19,85.19
gg123-cc943,299826.34,158360.27,77.1,84.1
gg123-cc944,299826.88,158362.32,77.05,84.05
gg123-cc945,299826.88,158362.32,77.05,84.05
gg123-cc946,299841.11,158414.77,75.77,82.77
gg123-cc947,299842.02,158437.85,74.72,81.72
gg123-cc948,299836.43,158480.33,73.4,80.4
gg123-cc949,299856.67,158587.94,71.61,78.61
gg123-cc950,299876.09,158628.66,71.55,78.55
gg123-cc951,299914.78,158785.68,71.83,78.83
gg123-cc952,299408.2,159058.19,77.38,84.38
gg123-cc953,299427,159038.48,77.61,84.61
gg123-cc954,299441.31,159005.64,77.35,84.35
gg123-cc955,299747.28,158714.51,71.88,78.88
gg123-cc956,299717.8,158554.87,72.92,79.92
gg123-cc957,299480.4,158733.35,74.68,81.68
gg123-cc958,299454.27,158756.05,73.87,80.87
gg123-cc959,299733.92,158624.69,72.84,79.84
gg123-cc960,299740.95,158642.01,72.6,79.6
gg123-cc961,299738.6,158660.34,72.46,79.46
gg123-cc962,299709.21,158587.78,74.19,81.19
gg123-cc963,299639.02,158628.12,72.44,79.44
gg123-cc964,299673.44,158548.61,76.39,83.39
gg123-cc965,299672.4,158547.2,76.48,83.48
gg123-cc966,299688.19,158516.82,75.32,82.32
gg123-cc967,299792.72,158356.23,76.9,83.9
gg123-cc968,299666.26,158600.62,75.14,82.14
gg123-cc969,299662.83,158599.99,75.16,82.16
gg123-cc970,299659.5,158615.51,73.65,80.65
gg123-cc971,299634.27,158590.26,74.88,81.88
gg123-cc972,299528.33,158745.16,78.09,85.09
gg123-cc973,299463.41,158780.98,75.44,82.44
gg123-cc974,299571.28,158768.7,78.84,85.84
gg123-cc975,299442.42,158805.23,74.58,81.58
gg123-cc976,299459.95,158926.54,78.15,85.15
gg123-cc977,299550.42,158744.57,78.29,85.29
gg123-cc978,299327,159095.86,69.57,76.57
gg123-cc979,299364.52,159055.69,69.97,76.97
gg123-cc980,299386.02,159006.95,70.2,77.2
gg123-cc981,299402.45,158954.44,70.55,77.55
gg123-cc982,299399.37,158921.17,71.5,78.5
gg123-cc983,299408.42,159093.52,75.75,82.75
gg123-cc984,299473.46,158959.85,77.51,84.51
gg123-cc985,299816.24,158454.29,74.04,81.04
gg123-cc986,299900.54,158625.71,71.68,78.68
gg123-cc987,299901.53,158625.32,71.67,78.67
gg123-cc988,299903.56,158681.92,71.71,78.71
gg123-cc989,299903.69,158681.1,71.76,78.76
gg123-cc990,299875.19,158474.01,73.46,80.46
gg123-cc991,299880.56,158534.11,72.09,79.09
gg123-cc992,299835.11,158573.69,71.69,78.69
gg123-cc993,299888.4,158738.69,71.84,78.84
gg123-cc994,299851.28,158357.81,76.58,83.58
gg123-cc995,299499.39,158841.37,78.65,85.65
gg123-cc996,299432.05,158930.96,74.95,81.95
gg123-cc997,299634.33,158737.1,76.12,83.12
gg123-cc998,299506.14,158894.86,78,85
gg123-cc999,299986.11,159119.89,73.83,80.83
gg123-cc1000,299374.89,159108.9,70.52,77.52
gg123-cc1001,299484.02,158900.44,78.94,85.94
gg123-cc1002,299507.73,158806.96,78.78,85.78
gg123-cc1003,299472.15,158743.99,74.59,81.59
gg123-cc1004,299493.6,158929.03,77.64,84.64
gg123-cc1005,299920.31,158849.3,71.83,78.83
gg123-cc1006,299965.83,159047.32,72.6,79.6
gg123-cc1007,300003.99,159029.99,72.65,79.65
gg123-cc1008,299577.75,158745.06,77.99,84.99
gg123-cc1009,299521.61,158883.98,77.55,84.55
gg123-cc1010,299158.28,159482.34,69.15,76.15
gg123-cc1011,299245.41,159489.61,69.17,76.17
gg123-cc1012,299189.03,159551.92,73.1,80.1
gg123-cc1013,299276.38,159363.65,70.01,77.01
gg123-cc1014,299332.05,159241.27,70.02,77.02
gg123-cc1015,299008.52,160045.2,71.53,78.53
gg123-cc1016,299009.73,160057.24,71.47,78.47
gg123-cc1017,-122222,-122222,-15,-8
gg123-cc1018,299139.88,159492.61,-15,-8
gg123-cc1019,299253.54,159511.14,-15,-8
gg123-cc1020,299216.89,159466.5,69.3,76.3
gg123-cc1021,299240.49,159455.63,69.35,76.35
gg123-cc1022,299241.21,159409.92,69.92,76.92
gg123-cc1023,299191.99,159441.83,69.11,76.11
gg123-cc1024,299011.03,160063.56,71.47,78.47
gg123-cc1025,292001.21,168210.56,68.11,75.11
